{"cameraMode":{"drawMode":0,"name":"Shaded","section":"Shading Mode"},"sceneLighting":false,"audioPlay":false,"sceneViewState":{"showFog":true,"showMaterialUpdate":false,"showSkybox":false,"showFlares":true,"showImageEffects":true,"showParticleSystems":true},"in2DMode":false,"pivot":{"x":-1.819593071937561,"y":-2.9760797023773195,"z":2.207340717315674},"rotation":{"x":-0.2426285743713379,"y":0.6561236381530762,"z":-0.2360219955444336,"w":-0.6744871735572815},"size":14.289420127868653,"orthographic":false}