{"cameraMode":{"drawMode":0,"name":"Shaded","section":"Shading Mode"},"sceneLighting":false,"audioPlay":false,"sceneViewState":{"showFog":true,"showMaterialUpdate":false,"showSkybox":false,"showFlares":true,"showImageEffects":true,"showParticleSystems":true},"in2DMode":false,"pivot":{"x":2.393549680709839,"y":-4.808136940002441,"z":1.7403852939605713},"rotation":{"x":-0.43402817845344546,"y":0.55849289894104,"z":-0.4350726008415222,"w":-0.5571562051773071},"size":14.289420127868653,"orthographic":false}