{"cameraMode":{"drawMode":0,"name":"Shaded","section":"Shading Mode"},"sceneLighting":false,"audioPlay":false,"sceneViewState":{"showFog":true,"showMaterialUpdate":false,"showSkybox":false,"showFlares":true,"showImageEffects":true,"showParticleSystems":true},"in2DMode":false,"pivot":{"x":3.9125874042510988,"y":2.207991600036621,"z":0.9750568270683289},"rotation":{"x":-0.4784288704395294,"y":0.5087196826934815,"z":-0.4198659062385559,"w":-0.579677939414978},"size":12.853038787841797,"orthographic":false}