{"cameraMode":{"drawMode":0,"name":"Shaded","section":"Shading Mode"},"sceneLighting":false,"audioPlay":false,"sceneViewState":{"showFog":true,"showMaterialUpdate":false,"showSkybox":false,"showFlares":true,"showImageEffects":true,"showParticleSystems":true},"in2DMode":false,"pivot":{"x":1.6441850662231446,"y":-0.07800078392028809,"z":0.96026611328125},"rotation":{"x":-0.32070305943489077,"y":0.6279409527778626,"z":-0.31764063239097597,"w":-0.634000837802887},"size":14.289420127868653,"orthographic":false}