{"cameraMode":{"drawMode":0,"name":"Shaded","section":"Shading Mode"},"sceneLighting":false,"audioPlay":false,"sceneViewState":{"showFog":true,"showMaterialUpdate":false,"showSkybox":false,"showFlares":true,"showImageEffects":true,"showParticleSystems":true},"in2DMode":false,"pivot":{"x":-5.421309947967529,"y":-2.413699150085449,"z":3.373147964477539},"rotation":{"x":-0.15434673428535462,"y":0.6738804578781128,"z":-0.14702606201171876,"w":-0.7074472308158875},"size":13.64639663696289,"orthographic":false}