{"cameraMode":{"drawMode":0,"name":"Shaded","section":"Shading Mode"},"sceneLighting":false,"audioPlay":false,"sceneViewState":{"showFog":true,"showMaterialUpdate":false,"showSkybox":false,"showFlares":true,"showImageEffects":true,"showParticleSystems":true},"in2DMode":false,"pivot":{"x":-2.59407901763916,"y":-4.487755298614502,"z":1.893094539642334},"rotation":{"x":-0.3311551511287689,"y":0.6212145090103149,"z":-0.3260296881198883,"w":-0.6309831142425537},"size":14.289420127868653,"orthographic":false}