{"cameraMode":{"drawMode":0,"name":"Shaded","section":"Shading Mode"},"sceneLighting":false,"audioPlay":false,"sceneViewState":{"showFog":true,"showMaterialUpdate":false,"showSkybox":false,"showFlares":true,"showImageEffects":true,"showParticleSystems":true},"in2DMode":false,"pivot":{"x":-0.29768046736717226,"y":-3.739325523376465,"z":2.4280478954315187},"rotation":{"x":-0.3126225173473358,"y":0.638373851776123,"z":-0.31812936067581179,"w":-0.6273629665374756},"size":13.64639663696289,"orthographic":false}