{"cameraMode":{"drawMode":0,"name":"Shaded","section":"Shading Mode"},"sceneLighting":false,"audioPlay":false,"sceneViewState":{"showFog":true,"showMaterialUpdate":false,"showSkybox":false,"showFlares":true,"showImageEffects":true,"showParticleSystems":true},"in2DMode":false,"pivot":{"x":2.2159416675567629,"y":-2.117790460586548,"z":2.486034631729126},"rotation":{"x":-0.30477628111839297,"y":0.6347692012786865,"z":-0.30077823996543887,"w":-0.6432071328163147},"size":12.853038787841797,"orthographic":false}