{"cameraMode":{"drawMode":0,"name":"Shaded","section":"Shading Mode"},"sceneLighting":false,"audioPlay":false,"sceneViewState":{"showFog":true,"showMaterialUpdate":false,"showSkybox":false,"showFlares":true,"showImageEffects":true,"showParticleSystems":true},"in2DMode":false,"pivot":{"x":-0.001379361841827631,"y":-3.5585989952087404,"z":2.2653698921203615},"rotation":{"x":-0.3589157164096832,"y":0.5983552932739258,"z":-0.34085819125175478,"w":-0.6300566792488098},"size":14.289420127868653,"orthographic":false}