{"cameraMode":{"drawMode":0,"name":"Shaded","section":"Shading Mode"},"sceneLighting":true,"audioPlay":false,"sceneViewState":{"showFog":true,"showMaterialUpdate":false,"showSkybox":true,"showFlares":true,"showImageEffects":true,"showParticleSystems":true},"in2DMode":false,"pivot":{"x":46.68354034423828,"y":-36.74938201904297,"z":60.036598205566409},"rotation":{"x":0.39856788516044619,"y":-0.5873094201087952,"z":0.40726760029792788,"w":0.5747713446617127},"size":132.84414672851563,"orthographic":false}