{"cameraMode":{"drawMode":0,"name":"Shaded","section":"Shading Mode"},"sceneLighting":false,"audioPlay":false,"sceneViewState":{"showFog":true,"showMaterialUpdate":false,"showSkybox":false,"showFlares":true,"showImageEffects":true,"showParticleSystems":true},"in2DMode":false,"pivot":{"x":-1.0859750509262086,"y":0.8819802403450012,"z":1.8358609676361085},"rotation":{"x":-0.2959687113761902,"y":0.6442991495132446,"z":-0.29846587777137759,"w":-0.6389108300209045},"size":11.350931167602539,"orthographic":false}