{"cameraMode":{"drawMode":0,"name":"Shaded","section":"Shading Mode"},"sceneLighting":false,"audioPlay":false,"sceneViewState":{"showFog":true,"showMaterialUpdate":false,"showSkybox":false,"showFlares":true,"showImageEffects":true,"showParticleSystems":true},"in2DMode":false,"pivot":{"x":-0.15979130566120149,"y":-5.851822853088379,"z":2.203171491622925},"rotation":{"x":-0.4352170526981354,"y":0.5581929087638855,"z":-0.43888813257217409,"w":-0.5535248517990112},"size":14.289420127868653,"orthographic":false}