{"cameraMode":{"drawMode":0,"name":"Shaded","section":"Shading Mode"},"sceneLighting":false,"audioPlay":false,"sceneViewState":{"showFog":true,"showMaterialUpdate":false,"showSkybox":false,"showFlares":true,"showImageEffects":true,"showParticleSystems":true},"in2DMode":false,"pivot":{"x":-6.705192565917969,"y":-6.7582597732543949,"z":5.3490705490112309},"rotation":{"x":0.2392377406358719,"y":-0.6726287603378296,"z":0.2454228401184082,"w":0.6558905839920044},"size":18.60854148864746,"orthographic":false}