{"cameraMode":{"drawMode":0,"name":"Shaded","section":"Shading Mode"},"sceneLighting":false,"audioPlay":false,"sceneViewState":{"showFog":true,"showMaterialUpdate":false,"showSkybox":false,"showFlares":true,"showImageEffects":true,"showParticleSystems":true},"in2DMode":false,"pivot":{"x":0.4771651327610016,"y":-1.3494518995285035,"z":2.083528995513916},"rotation":{"x":-0.4261445701122284,"y":0.5491200685501099,"z":-0.385685533285141,"w":-0.6067340970039368},"size":14.289420127868653,"orthographic":false}